No ,Question,Answer
1, Tidak ada respon pak,"Mohon maaf, tidak bisa membantu ☺️"
2,"Baik pak, Memang admin"" kampus sekarang bodoh"" pak, makanya sering di hack orang website kampus nya, sudah di lapor aja masih blm di tindak lanjutin","Nah, itu bukan bagian saya, saya hanya bertugas untuk prodi saja, saya tidak mau melebihi tugas yang diberikan kepada saya."
3,Bagaimana cara menghubungi admin domain atau server kampus UMM?,"Admin domain dan server kampus biasanya dikelola oleh bagian IT UMM. Sayangnya, kontak langsung tidak tersedia untuk umum. Silakan hubungi pihak universitas melalui pmb.umm.ac.id atau datangi langsung kantor IT kampus."
4,"Website subdomain UMM diretas dan menampilkan konten judi online, bagaimana melaporkannya?","Kirim laporan ke admin universitas dan lampirkan tangkapan layar sebagai bukti. Jika tidak ada respons dalam waktu lama, coba hubungi langsung bagian IT di kampus UMM."
5,"Website UMM mengalami peretasan atau disusupi konten ilegal, harus lapor ke siapa?","Segera laporkan ke admin universitas melalui pmb.umm.ac.id atau hubungi bagian IT kampus. Jika memiliki bukti seperti tangkapan layar, kirimkan untuk mempermudah investigasi."
6,Apa yang harus dilakukan jika akun mahasiswa diretas?,"Segera ubah password melalui sistem InfoKHS atau layanan mahasiswa UMM. Jika tidak bisa login, hubungi bagian akademik atau IT kampus untuk reset akun."
7,Bagaimana cara memastikan akun mahasiswa aman dari peretasan?,"Gunakan PIC yang kuat, jangan gunakan kata sandi yang sama untuk banyak akun, aktifkan autentikasi dua faktor (jika tersedia), dan selalu logout setelah selesai menggunakan layanan kampus."
8,,
9,Apakah UMM menyediakan akses Wi-Fi gratis untuk mahasiswa?,"Ya, UMM menyediakan Wi-Fi gratis di berbagai titik kampus. Login menggunakan akun mahasiswa yang terdaftar."
10,Dimana lokasi perpustakaan UMM?,"Perpustakaan UMM berada di Gedung Perpustakaan Pusat, dekat dengan Parkiran Utama dan sebelah utara Masjid A.R. Fachruddin"
11,Bagaimana cara melihat tagihan pembayaran kuliah?,"Login ke akun InfoKHS, lalu masuk ke bagian ""Keuangan"". Semua tagihan dan status pembayaran bisa dilihat di sana."
12,Apa saja organisasi mahasiswa yang ada di UMM?,"UMM memiliki berbagai UKM (Unit Kegiatan Mahasiswa), BEM (Badan Eksekutif Mahasiswa), serta komunitas dan forum diskusi di berbagai bidang."
13,Bagaimana cara mengurus Kartu Tanda Mahasiswa (KTM) yang hilang?,"Lapor ke bagian akademik fakultas dan siapkan surat kehilangan dari kepolisian. Setelah itu, urus pencetakan ulang di bagian administrasi kampus."
14,Bagaimana cara mendaftar beasiswa di UMM?,"Cek informasi di website resmi UMM atau bagian keuangan fakultas. Biasanya, ada syarat tertentu seperti IPK minimal dan surat rekomendasi."
15,Bagaimana cara mengambil mata kuliah semester pendek?,Daftar melalui InfoKHS atau langsung ke bagian administrasi akademik fakultas. Biasanya ada syarat minimal IPK dan pembayaran tertentu.
16,Bagaimana cara cetak Kartu Hasil Studi (KHS)?,"Login ke sistem InfoKHS, lalu pilih semester yang ingin dicetak. Klik ""Cetak KHS"" dan simpan sebagai PDF atau langsung print."
17,Bagaimana cara mengajukan cuti kuliah?,"Pergi ke InfoKHS, dan Langsung ke kantor Kemahasiswaan. Ajukan surat permohonan cuti kuliah ke bagian akademik fakultas dengan alasan yang jelas. Setelah disetujui, bayar biaya administrasi sesuai ketentuan kampus."
18,Apa saja beasiswa yang tersedia di UMM?,"UMM menyediakan berbagai beasiswa seperti: Beasiswa Prestasi, Beasiswa PPA, Beasiswa Bidikmisi, dan beasiswa eksternal dari instansi pemerintah atau swasta."
19,bagaimana cara mencetak KTM,Pengurusan dan Cetak Kartu Tanda Mahasiswa (KTM) dapat dilakukan di Kantor Biro Administrasi Akademik Al Islam dan Kemuhammadiyahan (BAAIK). Detail informasi pengurusan dan cetak KTM dapat diakses pada laman: https://infobaa.umm.ac.id/id/pages/administrasi-akademik/administrasi-akademik-2.html
20,dresscode UTS,menggunakan kemeja putih dan celana/bawahan gelap. Bagi mahasiswi muslim wajib menutup aurat.
21,dresscode UAS,menggunakan kemeja putih dan celana/bawahan gelap. Bagi mahasiswi muslim wajib menutup aurat.
22,program studi informatika,Profil lengkap terkait Prodi Informatika UMM dapat diakses pada website informatika.umm.ac.id atau melalui media sosial prodi. Prodi Informatika UMM telah memperoleh akreditasi A dari BAN-PT dan Akreditasi Provisional dari International Accreditation Board of Engineering Education (IABEE). Informasi pendaftaran mahasiswa baru Prodi Informatika dapat diakses melalui website: pmb.umm.ac.id 
23,Cara Mencari Jadwal akademik UMM,"Untuk Jadwal anda bisa pergi ke website ini ""https://infobaa.umm.ac.id/id/pages/kalender-akademik-11.html """
24,Apa akreditasi prodi Informatika UMM?,"Program Studi Informatika Universitas Muhammadiyah Malang telah mendapatkan Akreditasi Nasional UNGGUL dari Badan Akreditasi Mandiri Informatika dan Komputer (LAM-Infokom), serta Akreditasi Internasional dari Indonesian Accreditation Board for Engineering Education (IABEE)"
25,Bagaimana kurikulum Prodi Informatika UMM?,Program Studi Informatika Universitas Muhammadiyah Malang (UMM) sebagai salah satu program studi yang unggul dan terdepan dalam penguasaan teknologi informasi dan komunikasi telah merumuskan kurikulum yang relevan dengan KKNI dan sejalan dengan berkembangan keilmuan sampai dengan 10 tahun kedepan.
26,Apakah prodi Informatika memiliki kerja sama dengan berbagai instansi atau mitra?,"Prodi Informatika UMM memiliki kerjasama dengan mitra luar negeri yaitu Erasmus Mundus, Cisco Network Academy dan Oracle Academy. Untuk mitra dalam negeri prodi Informatika UMM bekerja sama dengan Gits."
27,Apa Visi Program Studi Informatika UMM?,"Visi Program Studi Informatika UMM adalah menjadi program studi yang unggul dalam pengembangan ilmu informatika yang berkarakter, berdaya saing global, dan berbasis teknologi informasi untuk kemaslahatan umat."
28,Kapan Program Studi Informatika di UMM didirikan?,Program Studi Informatika UMM didirikan pada tahun 2001 dan berada di bawah Fakultas Teknik. Program studi ini terus berkembang mengikuti perkembangan teknologi informasi dan kebutuhan industri.
29,Apa saja konsentrasi atau minat yang tersedia di Prodi Informatika UMM?,"Beberapa konsentrasi atau minat yang umumnya tersedia di Prodi Informatika UMM meliputi:

Rekayasa Perangkat Lunak
Sistem dan Keamanan Jaringan
Data Sains
Game Cerdas"
30,Bagaimana akreditasi Program Studi Informatika UMM saat ini?,"Program Studi Informatika UMM telah mendapatkan akreditasi Unggul (A) dari Badan Akreditasi Nasional Perguruan Tinggi (BAN-PT). Selain itu, program studi ini juga sedang dalam proses mendapatkan akreditasi internasional seperti ABET (Accreditation Board for Engineering and Technology) untuk memperkuat posisinya dalam pendidikan informatika global"
31,Dimana saya bisa mendapat jadwal kuliah?,Anda bisa kunjungi https://informatika.umm.ac.id/jadwal-kuliah/
32,Berapa lama jam pelajaran untuk satu sks?,Satu SKS biasanya adalah 50 menit.
33,Dimana saya bisa memberikan penilaian untuk dosen?,Anda bisa kunjungi https://iqass.umm.ac.id/
34,Bagaimana cara bertemu dengan wali dosen?,Anda bisa mengontak terlebih dahulu atau langsung mengunjungi ruang dosen.
35,Apa yang disiapkan untuk menghadapi ujian UTS dan UAS?,Anda harus menggunakan baju hitam putih berdasi hitam dan menyiapkan KSM yang sudah ditandatangani wali dosen dan kaprodi.
36,Bagaimana jika kita terlambat membayar UKT?,Anda bisa mengontak BAA dan/atau Keuangan UMM.
37,Bagaimana jika nilai akhir dari mata kuliah mendapat D?,Anda bisa melakukan KRS ulang untuk mata kuliah tersebut pada semester berikutnya.
38,Bagaimana cara mengambil beasiswa prestasi?,Staf Keuangan UMM akan otomatis memotong biaya UKT apabila IP dari semester sebelumnya melebihi batas minimum beasiswa prestasi.
39,Bagaimana jika membayar UKT sebelum mendapatkan potongan dari beasiswa?,Pembayaran yang berlebih akan memotong biaya UKT semester depan.
40,Berapa lama jam pelajaran untuk satu sks pada saat bulan ramadhan?,Satu sks pada saat bulan ramadhan adalah 30 menit.
41,Siapa saja dosen-dosen di informatika,"Untuk dosen-dosen di informatika bisa dicek pada ""https://informatika.umm.ac.id/dosen-laboran-karyawan/"""
42,Dimana saya bisa mendapatkan informasi Jadwal perkuliahan,Anda bisa mendapatkan informasi terkait Jadwal perkuliahan di Website informatika.umm.ac.id
43,Bagaimana cara nya untuk melakukan krs lab,"Untuk melakukan KRS lab anda dapat melakukan nya melalui website ""infotech.umm.ac.id"" atau aplikasi MiLab khusus pengguna Android yang tersedia di Play Store "
44,Dimana saya bisa mendapatkan informasi lengkap tentang prodi informatika,"Informasi lengkap tentang Prodi Informatika bisa anda dapatkan di Website ""informatika.umm.ac.id"" "
45,Apa yang harus saya lakukan jika saya terlambat melakukan KRS Lab,Anda bisa melapor ke Kantor Lab Informatika Di lantai 6 GKB 3
46,Bidang apa saja yang ada di Program studi Informatika UMM,"Program Studi Informatika UMM menyediakan 4 bidang minat yang bisa dipilih oleh mahasiswanya antara lain, rekayasa perangkat lunak, data science, keamanan jaringan, dan game cerdas"
47,Mata Kuliah wajib apa saja yang harus diambil bidang minat rekayasa perangkat lunak,"Manajemen Proyek Perangkat Lunak, Penjaminan Kualitas Perangkat Lunak, Rekayasa Ulang Sistem"
48,Mata Kuliah wajib apa saja yang harus diambil bidang minat data science,"Data, Informasi dan Pengetahuan, Penggalian Data, Analisis Big Data, Pembelajaran Mesin"
49,Mata Kuliah wajib apa saja yang harus diambil bidang minat Keamanan Jaringan,"Jaringan Nirkabel, Keamanan Jaringan, Sistem Terdistribusi, Manajemen Jaringan"
50,Mata Kuliah wajib apa saja yang harus diambil bidang minat Game Cerdas,"Desain Game, Pemrograman Game Lanjut"
51,Berapa Total sks yang harus ditempuh mahasiswa informatika di UMM,144 -160 sks dengan 45 mata kuliah
52,Rekomendasi spesifikasi laptop kuiliah di informatika,"Prosesor Intel Core i5 Gen10 keatas atau AMD Ryzen 3000 series keatas dan minimal ram 4GB, sangat disarankan 8 GB ram keatas."
53,kemampuan apa yang dibutuhkan menjadi mahasiswa informatika,"Untuk awal, kuncinya adalah memahami materi logika. Meskipun matematika membantu, kamu dapat mengasahnya selama kuliah."
54,Bahasa pemrograman apa saja yang dipelajari mahasiswa informatika di semester awal,"untuk sekarang bahasa pemrograman yang dipelajari adalah Python, C dan java"
55,Bagaimana cara mendaftar di Universitas Muhammadiyah Malang (UMM)?,"Untuk mendaftar di UMM, kunjungi ""online.umm.ac.id"" dan pilih menu ""Mandiri"" untuk membuat akun pendaftaran."
56,Apakah tersedia fasilitas pondok bagi mahasiswa di UMM? ,"Saat ini, UMM belum memiliki pondok khusus mahasiswa. Namun, tersedia asrama putri bagi mahasiswi yang berminat tinggal di area kampus. Lokasi Rusunawa Putri berada di dalam lingkungan Kampus III UMM dengan fasilitas keamanan 24 jam dan program pembinaan karakter."
57,Apa saja program studi yang tersedia di UMM? ,"UMM menawarkan 63 program studi yang terdiri dari Program Vokasi, Sarjana, Pasca Sarjana, Doktor, dan Program Profesi."
58,Bagaimana cara mendapatkan informasi mengenai beasiswa di UMM? ,Informasi mengenai beasiswa dapat diperoleh melalui situs resmi UMM atau menghubungi bagian keuangan fakultas terkait.
59,Apa akreditasi dari Program Studi Informatika UMM? ,Program Studi Informatika UMM telah meraih akreditasi nasional UNGGUL dan akreditasi internasional.
60,Apa saja prestasi terbaru mahasiswa Program Studi Informatika UMM? ,"Mahasiswa Program Studi Informatika UMM baru-baru ini meraih gelar wisudawan terbaik 1, 2, dan 3."
61,Apa saja fasilitas yang tersedia di UMM?,"UMM menyediakan berbagai fasilitas seperti perpustakaan pusat, laboratorium, asrama mahasiswa, pusat kesehatan, dan akses Wi-Fi gratis di area kampus."
62,Bagaimana cara mengakses layanan keuangan di UMM?,Layanan keuangan dapat diakses melalui situs keuangan.umm.ac.id atau dengan mengunjungi bagian keuangan di fakultas masing-masing.
63,Bagaimana cara bergabung dengan Unit Kegiatan Mahasiswa (UKM) di UMM?,Mahasiswa dapat bergabung dengan UKM dengan mengunjungi sekretariat UKM yang diminati atau menunggu pengumuman open recruitment yang biasanya diumumkan melalui media sosial UKM terkait.
64,Apa saja organisasi mahasiswa yang ada di UMM?,"UMM memiliki berbagai organisasi mahasiswa seperti Badan Eksekutif Mahasiswa (BEM), Himpunan Mahasiswa Jurusan (HMJ), dan berbagai UKM yang bergerak di bidang seni, olahraga, dan minat khusus lainnya."
65,Bagaimana struktur kurikulum di Program Studi Informatika UMM?,Program Studi Informatika UMM menerapkan kurikulum berbasis Kerangka Kualifikasi Nasional Indonesia (KKNI) yang relevan dengan perkembangan keilmuan hingga 10 tahun ke depan. Kurikulum ini mencakup mata kuliah wajib dan pilihan yang dirancang untuk menghasilkan lulusan yang kompeten dalam bidang teknologi informasi dan komunikasi.
66,Apa saja mata kuliah wajib yang harus diambil di Program Studi Informatika UMM?,"Mata kuliah wajib di Program Studi Informatika UMM mencakup dasar-dasar ilmu komputer, pemrograman, sistem informasi, jaringan komputer, dan mata kuliah lain yang mendukung kompetensi utama lulusan."
67,Fasilitas akademik apa saja yang tersedia di UMM?,"UMM menyediakan berbagai fasilitas akademik seperti gedung kuliah bersama, perpustakaan pusat, laboratorium, dan akses Wi-Fi di seluruh area kampus untuk mendukung kegiatan belajar mengajar."
68,Apakah UMM memiliki fasilitas non-akademik untuk mahasiswa?,"Ya, UMM memiliki berbagai fasilitas non-akademik seperti kafe, asrama, hotel, buggy car, bookstore, masjid, dome, kantin, food court, dan aksesibilitas bagi penyandang disabilitas."
69,Bagaimana cara mengurus administrasi akademik di UMM?,"Untuk mengurus administrasi akademik, mahasiswa dapat mengakses Info Layanan Akademik melalui situs resmi UMM atau mengunjungi bagian administrasi akademik di fakultas masing-masing."
70,Di mana saya bisa mendapatkan informasi mengenai layanan kemahasiswaan di UMM?,Informasi mengenai layanan kemahasiswaan dapat diakses melalui situs resmi UMM atau dengan mengunjungi bagian kemahasiswaan di fakultas terkait.
71,Apa keunggulan dari akreditasi internasional yang dimiliki oleh Program Studi Informatika UMM?,"Akreditasi internasional dari IABEE dicapai melalui penerapan kurikulum berbasis Outcome-Based Education (OBE) yang berfokus pada hasil belajar yang jelas dan terukur, serta relevansi terhadap kebutuhan industri dan masyarakat."
72,"Halo, Saya ingin meminta bantuan, belum masuk grup monitoring mohon bantuannya untuk dimasukkan ke dalam grup monitoring. Terimakasih ","Halo, Silahkan menghadap pak Hardi dulu untuk Menanyakan Informasi Grup Monitoring."
73,"Permisi, saya ingin bertanya untuk terkait liburan idul fitri kapan ya?","Untuk Liburan Hari Raya Idul Fitri tahun 1445H, Diperkirakan tanggal 8-16 April 2024"
74,Bagaimana jika kehilangan akses ke grup bimbingan karena HP hilang?,Silakan menghadap Pak Hardi untuk verifikasi ulang agar bisa dimasukkan kembali ke grup.
75,Apakah Prodi Informatika memiliki stempel dalam bentuk gambar atau PNG?,Tidak ada.
76,Bagaimana cara mengurus pembayaran yang sudah dilakukan dua kali untuk yudisium?,Silakan langsung ke fakultas untuk mengurus masalah ini.
77,Bagaimana cara mengatasi jadwal UTS yang bertabrakan?,Langsung hubungi ketua panitia UTS.
78,Apakah ada biaya untuk mengikuti program magang?,Magang tidak dikenakan biaya alias gratis.
79,Bagaimana cara mengunduh sertifikat PKN di sistem lama?,Hubungi Pak Bashor atau admin terkait karena sistem lama sudah tidak bisa diakses.
80,Apakah mahasiswa Teknik Informatika UMM menerima mahasiswa pindahan dari UIN Malang?,"Bisa, namun harus dicek dulu apakah berkasnya memenuhi syarat."
81,Apakah program Studi Independen (Bangkit) bisa dikonversi ke PKN?,"Bisa, tetapi bukan konversi, melainkan diajukan sebagai nilai PKN."
82,Apakah prodi menyediakan daftar perusahaan rekomendasi untuk magang?,"Tidak ada tempat khusus, disarankan untuk berdiskusi dengan kakak tingkat"
83,Bagaimana cara mendapatkan surat akreditasi jurusan?,Surat akreditasi dapat diakses melalui website BAA.
84,Apakah legalisir ijazah dan transkrip bisa dilakukan secara jarak jauh?,"Tidak bisa, bisa meminta bantuan teman yang ada di Malang."
85,Bagaimana prosedur cek plagiarisme untuk laporan TA?,"Dilakukan per bab, dan bisa dilakukan melalui staf TU."
86,Bagaimana cara mendapatkan surat rekomendasi untuk MSIB Batch 7?,Tidak bisa tanpa tabel konversi.
87,Bagaimana jika nilai magang masih E padahal sertifikat magang sudah keluar dengan nilai A?,"Jika ada perbedaan semester antara pengambilan KRS dan keluarnya sertifikat, nilai tidak akan keluar. Silakan menemui Pak Bashor atau Pak Hardi untuk penjelasan lebih lanjut."
88,Bagaimana cara mengajukan pemutihan sertifikat Student Day?,Mengikuti Gemastik dan menunjukkan bukti pendaftaran.
89,Apakah ada batasan usia untuk mendaftar di Prodi Informatika UMM?,"Tidak ada, yang penting lolos seleksi."
90,Kapan perkuliahan baru dimulai?,Perkuliahan dimulai pertengahan September.
91,Berapa total biaya kuliah hingga lulus?,"Tidak ada perhitungan pasti, bisa menghubungi tim PMB universitas."
92,Berapa kali kesempatan tes masuk UMM?,"Tes bersifat online, jika gagal bisa mengajukan ulang. Namun, jumlah kesempatan tes bergantung pada kebijakan panitia universitas."
93,Apakah pembayaran ulang tes masuk dikenakan biaya tambahan?,"Jika hanya satu kali, kemungkinan tidak. Silakan hubungi tim PMB untuk memastikan."
94,Dimana lokasi Prodi Informatika UMM?,"Kampus 3, Gedung GKB 3, lantai 4."
95,Bagaimana cara mendapatkan transkrip nilai jika sedang magang di luar pulau?,Bisa meminta bantuan TU atau teman untuk mengambilkan transkrip nilai.
96,Bagaimana cara mengisi survei IQASS yang terlewat?,Bisa menghubungi Pak Sofyan untuk informasi lebih lanjut.
97,Bagaimana cara memperpanjang SK Tugas Akhir?,Silakan langsung ke Pak Bashor untuk informasi lebih lanjut.
98,Apakah ada sanksi jika tidak mengumpulkan KSM sebelum UTS?,"Ya, mahasiswa yang tidak mengumpulkan KSM sebelum batas waktu tidak diperkenankan mengikuti UTS."
99,Bagaimana cara menghubungi dosen wali jika tidak memiliki kontaknya?,Silakan datang ke prodi atau minta kontaknya melalui TU.
100,Bagaimana cara mengetahui jadwal perkuliahan?,Jadwal perkuliahan bisa dicek di sistem akademik atau melalui informasi yang diberikan oleh prodi.
101,Bagaimana cara mengganti nomor telepon di sistem akademik?,Silakan buka KHS atau menghubungi TU atau admin akademik untuk memperbarui data.
102,"Apa nama universitas ini?
",Universitas Muhammadiyah Malang
103,Berapa tahun berdirinya universitas ini?,Pada tahun 1964
104,Apa nama fakultas di Universitas Muhammadiyah Malang?,"Fakultas Teknologi Informasi, Fakultas Ekonomi, dll."
105,Apa program studi yang ada di Fakultas Teknologi Informasi?," Sistem Informasi, Teknik Informatika, dll."
106,Apa fasilitas yang ada di kampus?,"Perpustakaan, Laboratorium, Gedung Olahraga, dll."
107,Bagaimana cara mendaftar sebagai mahasiswa baru?,Melalui situs web universitas atau mengunjungi kampus secara langsung.
108,Apa alamat kampus Universitas Muhammadiyah Malang?,"Jl. Raya Tlogomas No. 246, Malang"
109,Apa nomor telepon kampus?,(0341) 464318
110,Bagaimana cara mengajukan dispensasi pembayaran kuliah?,Bisa langsung mengajukan permohonan ke bagian keuangan kampus atau konsultasi dengan prodi.
111,Bagaimana prosedur daftar ulang mahasiswa?,Cek jadwal dan prosedur di website akademik UMM atau tanyakan ke TU prodi.
112,Bagaimana cara mendapatkan kartu mahasiswa yang hilang?,"Laporkan kehilangan ke TU, lalu ajukan pembuatan ulang dengan syarat yang telah ditentukan."
113,Bagaimana jika jadwal perkuliahan bentrok dengan jadwal kerja?,Silakan konsultasi dengan dosen wali untuk mencari solusi terbaik.
114,Bagaimana cara mengikuti lomba akademik yang diselenggarakan prodi?,Pantau informasi terbaru di website prodi atau grup resmi mahasiswa.
115,Bagaimana cara mengikuti organisasi kemahasiswaan?,"Bisa bergabung melalui BEM, Himpunan Mahasiswa, atau UKM yang tersedia di kampus."
116,Apakah mahasiswa bisa mengajukan pindah kelas?,"Bisa, tergantung ketersediaan kelas dan kebijakan prodi."
117,Bagaimana jika mengalami kendala teknis dalam akses sistem akademik?,Hubungi bagian infokom kampus atau TU untuk mendapatkan solusi.
118,Bagaimana cara mengajukan keringanan UKT?,Ajukan permohonan ke bagian keuangan dengan membawa dokumen pendukung seperti surat penghasilan orang tua.
119,Apakah ada program student exchange di UMM?,"Ya, bisa cek informasi lebih lanjut di bagian MBKM atau website prodi."
120,Bagaimana cara mengajukan komplain terkait nilai mata kuliah?,Hubungi dosen pengampu mata kuliah atau ajukan permohonan revisi nilai melalui TU.
121,Apakah ada layanan konsultasi akademik di UMM?,Bisa berkonsultasi dengan dosen wali atau bagian akademik prodi.
122,Apakah ada syarat khusus untuk mengambil skripsi?,Minimal telah menyelesaikan SKS tertentu dan memenuhi persyaratan akademik dari prodi.
123,Bagaimana jika lupa password akun akademik?,"visi Program Studi Informatika UMM adalah menjadi program studi yang unggul dalam pengembangan ilmu informatika yang berkarakter, berdaya saing global, dan berbasis teknologi informasi untuk kemaslahatan umat."
124,Bagaimana cara mendapatkan informasi tentang seminar dan workshop kampus?,"Pantau website kampus, grup mahasiswa, dan media sosial resmi universitas."
125,Bagaimana cara mendapatkan KTM yang hilang?,Lapor ke TU dan ajukan permohonan cetak ulang KTM dengan membawa syarat yang dibutuhkan.
126,Apa saja syarat untuk mengikuti wisuda?,"Telah menyelesaikan seluruh SKS, sidang TA, serta mengurus dokumen administrasi di TU."
127,Bagaimana cara daftar ulang bagi mahasiswa lama?,Pastikan telah melakukan pembayaran dan cek jadwal daftar ulang di sistem akademik.
128,Bagaimana cara mendapatkan surat izin penelitian dari kampus?,Mahasiswa bisa mengajukan permohonan ke TU prodi dengan membawa proposal penelitian dan surat permohonan resmi.
129,Bagaimana prosedur jika ingin mengganti dosen pembimbing skripsi?,Mahasiswa harus mengajukan surat permohonan ke prodi dengan alasan yang jelas dan persetujuan dari dosen terkait.
130,Bagaimana cara mengetahui jadwal sidang skripsi?,"Jadwal sidang biasanya diumumkan melalui sistem akademik, grup mahasiswa, atau melalui pengumuman di prodi."
131,Apa yang harus dilakukan jika ada kesalahan data di KRS?,Segera laporkan ke TU prodi atau dosen wali sebelum masa revisi KRS berakhir.
132,Bagaimana jika tidak bisa hadir dalam sidang skripsi karena alasan mendesak?,Mahasiswa bisa mengajukan surat permohonan penjadwalan ulang dengan alasan yang jelas dan bukti pendukung.
133,Apakah ada batas maksimal SKS yang bisa diambil dalam satu semester?,"Ya, biasanya maksimal 24 SKS tergantung pada IPK semester sebelumnya."
134,Bagaimana cara mengajukan banding nilai jika merasa ada kesalahan?,Mahasiswa dapat mengajukan banding nilai ke dosen pengampu atau melalui TU prodi dengan bukti pendukung.
135,Apakah ada program sertifikasi tambahan untuk mahasiswa Informatika?,"Ya, beberapa prodi menawarkan sertifikasi seperti jaringan, pemrograman, dan keamanan siber melalui program MBKM atau kerja sama dengan industri."
136,Bagaimana cara mendapatkan rekomendasi dari dosen untuk beasiswa atau kerja?,Mahasiswa bisa meminta rekomendasi langsung ke dosen dengan memberikan alasan jelas dan keperluan surat rekomendasi.
137,Apa itu algoritma?,Algoritma adalah serangkaian langkah logis yang diperlukan untuk menyelesaikan suatu masalah.
138,Apa perbedaan antara TCP dan UDP?,"TCP (Transmission Control Protocol) adalah protokol yang mengutamakan pengiriman data yang akurat dan reliabel, sedangkan UDP (User Datagram Protocol) adalah protokol yang lebih sederhana dan lebih cepat tetapi tidak sesolih TCP dalam menjamin keutuhan data."
139,Sebutkan dan jelaskan beberapa bahasa pemrograman populer.,"Beberapa bahasa pemrograman populer termasuk Python, JavaScript, Java, dan C++. Python terkenal karena kesederhanaan syntax dan banyak digunakan dalam analisis data dan pengembangan web. JavaScript utamanya digunakan untuk pengembangan web front-end. Java digunakan untuk aplikasi enterprise. C++ digunakan untuk pengembangan sistem dan aplikasi performa tinggi."